{
  "Right Option Key Sends": 0,
  "Tags": [],
  "Ansi 12 Color": {
    "Red Component": 0.34117650985717773,
    "Color Space": "sRGB",
    "Blue Component": 0.99999994039535522,
    "Alpha Component": 1,
    "Green Component": 0.78039222955703735
  },
  "Use Non-ASCII Font": false,
  "Ansi 7 Color": {
    "Red Component": 0.94509810209274292,
    "Color Space": "sRGB",
    "Blue Component": 0.94117647409439087,
    "Alpha Component": 1,
    "Green Component": 0.94509810209274292
  },
  "Bold Color": {
    "Red Component": 0.97102361917495728,
    "Color Space": "sRGB",
    "Blue Component": 0.97102349996566772,
    "Alpha Component": 1,
    "Green Component": 0.97102349996566772
  },
  "Ansi 8 Color": {
    "Red Component": 0.40784323215484619,
    "Color Space": "sRGB",
    "Blue Component": 0.40784311294555664,
    "Alpha Component": 1,
    "Green Component": 0.40784311294555664
  },
  "Ansi 9 Color": {
    "Red Component": 1,
    "Color Space": "sRGB",
    "Blue Component": 0.34117639064788818,
    "Alpha Component": 1,
    "Green Component": 0.36078426241874695
  },
  "Ansi 3 Color": {
    "Red Component": 0.95294123888015747,
    "Color Space": "sRGB",
    "Blue Component": 0.61568623781204224,
    "Alpha Component": 1,
    "Green Component": 0.97647064924240112
  },
  "Rows": 25,
  "Default Bookmark": "No",
  "Ansi 4 Color": {
    "Red Component": 0.34117650985717773,
    "Color Space": "sRGB",
    "Blue Component": 0.99999994039535522,
    "Alpha Component": 1,
    "Green Component": 0.78039222955703735
  },
  "Blend": 0.48234435405927839,
  "AWDS Tab Option": "No",
  "Cursor Guide Color": {
    "Red Component": 0.70213186740875244,
    "Color Space": "sRGB",
    "Blue Component": 1,
    "Alpha Component": 0.25,
    "Green Component": 0.9268307089805603
  },
  "Non-ASCII Anti Aliased": true,
  "Use Bright Bold": true,
  "Ansi 10 Color": {
    "Red Component": 0.35294127464294434,
    "Color Space": "sRGB",
    "Blue Component": 0.55686265230178833,
    "Alpha Component": 1,
    "Green Component": 0.96862751245498657
  },
  "Ambiguous Double Width": false,
  "AWDS Pane Option": "Recycle",
  "Jobs to Ignore": ["rlogin", "ssh", "slogin", "telnet"],
  "Ansi 15 Color": {
    "Red Component": 0.94509810209274292,
    "Color Space": "sRGB",
    "Blue Component": 0.94117647409439087,
    "Alpha Component": 1,
    "Green Component": 0.94509810209274292
  },
  "Foreground Color": {
    "Red Component": 0.93725490570068359,
    "Color Space": "sRGB",
    "Blue Component": 0.92156857252120972,
    "Alpha Component": 1,
    "Green Component": 0.94117647409439087
  },
  "Working Directory": "/Users/moox",
  "Blinking Cursor": false,
  "AWDS Window Option": "No",
  "Sync Title": false,
  "Prompt Before Closing 2": false,
  "BM Growl": true,
  "Command": "",
  "Description": "Default",
  "AWDS Pane Directory": "",
  "Disable Window Resizing": true,
  "Screen": -1,
  "Selection Color": {
    "Red Component": 0.57319694757461548,
    "Color Space": "sRGB",
    "Blue Component": 0.81719964742660522,
    "Alpha Component": 1,
    "Green Component": 0.73586553335189819
  },
  "Mouse Reporting": true,
  "AWDS Window Directory": "",
  "Only The Default BG Color Uses Transparency": false,
  "Columns": 80,
  "Idle Code": 0,
  "Ansi 13 Color": {
    "Red Component": 1,
    "Color Space": "sRGB",
    "Blue Component": 0.75686269998550415,
    "Alpha Component": 1,
    "Green Component": 0.4156862199306488
  },
  "Custom Command": "No",
  "ASCII Anti Aliased": true,
  "Non Ascii Font": "Monaco 12",
  "Vertical Spacing": 1,
  "Use Bold Font": true,
  "Option Key Sends": 0,
  "Selected Text Color": {
    "Red Component": 0,
    "Color Space": "sRGB",
    "Blue Component": 0,
    "Alpha Component": 1,
    "Green Component": 0
  },
  "Background Color": {
    "Red Component": 0.090196078431372548,
    "Color Space": "sRGB",
    "Blue Component": 0.15686274509803921,
    "Alpha Component": 1,
    "Green Component": 0.11764705882352941
  },
  "Character Encoding": 4,
  "Ansi 11 Color": {
    "Red Component": 0.95294123888015747,
    "Color Space": "sRGB",
    "Blue Component": 0.61568623781204224,
    "Alpha Component": 1,
    "Green Component": 0.97647064924240112
  },
  "Use Italic Font": true,
  "Unlimited Scrollback": true,
  "Keyboard Map": {
    "0xf700-0x260000": {
      "Action": 10,
      "Text": "[1;6A"
    },
    "0x37-0x40000": {
      "Action": 11,
      "Text": "0x1f"
    },
    "0x32-0x40000": {
      "Action": 11,
      "Text": "0x00"
    },
    "0xf709-0x20000": {
      "Action": 10,
      "Text": "[17;2~"
    },
    "0xf70c-0x20000": {
      "Action": 10,
      "Text": "[20;2~"
    },
    "0xf729-0x20000": {
      "Action": 10,
      "Text": "[1;2H"
    },
    "0xf72b-0x40000": {
      "Action": 10,
      "Text": "[1;5F"
    },
    "0xf705-0x20000": {
      "Action": 10,
      "Text": "[1;2Q"
    },
    "0xf703-0x260000": {
      "Action": 10,
      "Text": "[1;6C"
    },
    "0xf700-0x220000": {
      "Action": 10,
      "Text": "[1;2A"
    },
    "0xf701-0x280000": {
      "Action": 11,
      "Text": "0x1b 0x1b 0x5b 0x42"
    },
    "0x38-0x40000": {
      "Action": 11,
      "Text": "0x7f"
    },
    "0x33-0x40000": {
      "Action": 11,
      "Text": "0x1b"
    },
    "0xf703-0x220000": {
      "Action": 10,
      "Text": "[1;2C"
    },
    "0xf701-0x240000": {
      "Action": 10,
      "Text": "[1;5B"
    },
    "0xf70d-0x20000": {
      "Action": 10,
      "Text": "[21;2~"
    },
    "0xf702-0x260000": {
      "Action": 10,
      "Text": "[1;6D"
    },
    "0xf729-0x40000": {
      "Action": 10,
      "Text": "[1;5H"
    },
    "0xf706-0x20000": {
      "Action": 10,
      "Text": "[1;2R"
    },
    "0x34-0x40000": {
      "Action": 11,
      "Text": "0x1c"
    },
    "0xf700-0x280000": {
      "Action": 11,
      "Text": "0x1b 0x1b 0x5b 0x41"
    },
    "0x2d-0x40000": {
      "Action": 11,
      "Text": "0x1f"
    },
    "0xf70e-0x20000": {
      "Action": 10,
      "Text": "[23;2~"
    },
    "0xf702-0x220000": {
      "Action": 10,
      "Text": "[1;2D"
    },
    "0xf703-0x280000": {
      "Action": 11,
      "Text": "0x1b 0x1b 0x5b 0x43"
    },
    "0xf700-0x240000": {
      "Action": 10,
      "Text": "[1;5A"
    },
    "0xf707-0x20000": {
      "Action": 10,
      "Text": "[1;2S"
    },
    "0xf70a-0x20000": {
      "Action": 10,
      "Text": "[18;2~"
    },
    "0x35-0x40000": {
      "Action": 11,
      "Text": "0x1d"
    },
    "0xf70f-0x20000": {
      "Action": 10,
      "Text": "[24;2~"
    },
    "0xf703-0x240000": {
      "Action": 10,
      "Text": "[1;5C"
    },
    "0xf701-0x260000": {
      "Action": 10,
      "Text": "[1;6B"
    },
    "0xf702-0x280000": {
      "Action": 11,
      "Text": "0x1b 0x1b 0x5b 0x44"
    },
    "0xf72b-0x20000": {
      "Action": 10,
      "Text": "[1;2F"
    },
    "0x36-0x40000": {
      "Action": 11,
      "Text": "0x1e"
    },
    "0xf708-0x20000": {
      "Action": 10,
      "Text": "[15;2~"
    },
    "0xf701-0x220000": {
      "Action": 10,
      "Text": "[1;2B"
    },
    "0xf70b-0x20000": {
      "Action": 10,
      "Text": "[19;2~"
    },
    "0xf702-0x240000": {
      "Action": 10,
      "Text": "[1;5D"
    },
    "0xf704-0x20000": {
      "Action": 10,
      "Text": "[1;2P"
    }
  },
  "Window Type": 13,
  "Blink Allowed": false,
  "Blur Radius": 30,
  "Background Image Location": "",
  "Blur": true,
  "Badge Color": {
    "Red Component": 1,
    "Color Space": "sRGB",
    "Blue Component": 0,
    "Alpha Component": 0.5,
    "Green Component": 0.1491314172744751
  },
  "Scrollback Lines": 0,
  "Send Code When Idle": false,
  "Close Sessions On End": true,
  "Terminal Type": "xterm-256color",
  "Visual Bell": true,
  "Flashing Bell": false,
  "Silence Bell": false,
  "Ansi 14 Color": {
    "Red Component": 0.60392171144485474,
    "Color Space": "sRGB",
    "Blue Component": 0.99607843160629272,
    "Alpha Component": 1,
    "Green Component": 0.92941170930862427
  },